geoid,name,median_income,median_age,total_pop
93252,ZCTA5 93252,36726,38.9,2488
93270,ZCTA5 93270,34023,35.3,5367
93291,ZCTA5 93291,61599,30.4,59270
93304,ZCTA5 93304,40710,29.2,49115
93306,ZCTA5 93306,55133,31.3,72280
93307,ZCTA5 93307,38415,27.5,86832
90716,ZCTA5 90716,50149,32.3,14285
90717,ZCTA5 90717,71388,39.8,21508
90731,ZCTA5 90731,53456,36.9,60659
90744,ZCTA5 90744,50875,30.6,56880
90746,ZCTA5 90746,89364,42.9,27075
90822,ZCTA5 90822,NA,73.1,133
94929,ZCTA5 94929,119706,38.9,254
94065,ZCTA5 94065,172663,42.1,12461
94066,ZCTA5 94066,109387,39.3,43101
94086,ZCTA5 94086,139847,33.3,50477
94304,ZCTA5 94304,130227,38.8,3852
94110,ZCTA5 94110,134592,37.3,72380
93420,ZCTA5 93420,85551,47.1,30740
93454,ZCTA5 93454,64575,31.4,40432
93458,ZCTA5 93458,58847,26.4,57256
93461,ZCTA5 93461,50272,41,1349
93536,ZCTA5 93536,79990,36.2,70237
93546,ZCTA5 93546,62747,32.4,9591
93591,ZCTA5 93591,47453,31.1,6744
93609,ZCTA5 93609,45362,34.1,5177
93616,ZCTA5 93616,36250,31.7,2582
93618,ZCTA5 93618,44576,27.9,31470
93626,ZCTA5 93626,86473,43,2427
93501,ZCTA5 93501,36250,40.8,4802
93505,ZCTA5 93505,49014,34.9,13774
93526,ZCTA5 93526,43077,44.6,629
93530,ZCTA5 93530,NA,NA,10
93552,ZCTA5 93552,65728,32,39905
93560,ZCTA5 93560,60743,31.9,21756
93608,ZCTA5 93608,38203,32,1280
93669,ZCTA5 93669,NA,58.4,238
93701,ZCTA5 93701,23153,27.1,10166
93728,ZCTA5 93728,36197,30.2,16574
93924,ZCTA5 93924,101761,54.1,6514
93925,ZCTA5 93925,50750,29.4,2073
93933,ZCTA5 93933,66711,33.5,25442
93638,ZCTA5 93638,45811,28.4,49932
93651,ZCTA5 93651,102824,44.2,1798
93660,ZCTA5 93660,35339,27.7,4090
93664,ZCTA5 93664,100938,62.2,380
93667,ZCTA5 93667,75250,44.3,2405
93673,ZCTA5 93673,44375,28,754
93711,ZCTA5 93711,73930,43.8,38007
93720,ZCTA5 93720,89671,37.3,47081
93907,ZCTA5 93907,82520,41.2,23299
93921,ZCTA5 93921,98313,57.7,3316
93930,ZCTA5 93930,54605,30.3,17067
93012,ZCTA5 93012,102480,44.5,36052
93030,ZCTA5 93030,73093,32.4,58422
93040,ZCTA5 93040,48864,32.6,1827
93110,ZCTA5 93110,87111,46.5,16849
93212,ZCTA5 93212,38521,34.9,23357
93218,ZCTA5 93218,28750,36.2,871
93260,ZCTA5 93260,41500,57.9,226
93261,ZCTA5 93261,21010,34.1,2434
93263,ZCTA5 93263,46274,27.4,22210
93267,ZCTA5 93267,30781,34.3,6788
93274,ZCTA5 93274,53185,28.7,74000
93276,ZCTA5 93276,NA,32.3,144
93422,ZCTA5 93422,82766,38.4,33466
93455,ZCTA5 93455,88874,37.8,46175
93612,ZCTA5 93612,44105,33,35140
93621,ZCTA5 93621,NA,52.3,136
93627,ZCTA5 93627,NA,NA,247
93634,ZCTA5 93634,NA,30,22
95387,ZCTA5 95387,39919,28.9,636
95403,ZCTA5 95403,75954,37.4,45096
95409,ZCTA5 95409,75571,53.3,27186
95422,ZCTA5 95422,31793,37.7,15696
95423,ZCTA5 95423,46500,54.3,3751
95425,ZCTA5 95425,73235,42.1,10984
90008,ZCTA5 90008,43364,43.2,31754
90013,ZCTA5 90013,22316,43.3,12559
90016,ZCTA5 90016,48715,37.4,45899
90017,ZCTA5 90017,35605,31.7,27723
90036,ZCTA5 90036,80539,34.8,37965
90064,ZCTA5 90064,102117,40.3,25925
90065,ZCTA5 90065,67479,37.2,46461
90241,ZCTA5 90241,72715,36,43215
90248,ZCTA5 90248,61448,43,11607
90270,ZCTA5 90270,44124,30.1,27287
90275,ZCTA5 90275,138293,50,42146
90305,ZCTA5 90305,80165,46.2,15042
90401,ZCTA5 90401,82681,37.2,7111
90402,ZCTA5 90402,154583,48.6,11882
90404,ZCTA5 90404,78542,37.4,22929
90670,ZCTA5 90670,71343,37.5,16700
90745,ZCTA5 90745,80176,38.7,56930
90806,ZCTA5 90806,54437,33.1,41990
90813,ZCTA5 90813,38449,30.1,58380
90001,ZCTA5 90001,43360,29.1,59832
90012,ZCTA5 90012,47027,35.3,36552
90034,ZCTA5 90034,75714,34,53861
90061,ZCTA5 90061,42500,31.2,27873
90066,ZCTA5 90066,83899,38.1,59167
90638,ZCTA5 90638,95723,39.6,49227
90712,ZCTA5 90712,96634,39.3,31217
90804,ZCTA5 90804,52948,32,39239
90807,ZCTA5 90807,78948,42.1,32202
90810,ZCTA5 90810,60227,34.2,37251
90501,ZCTA5 90501,71712,37.7,41975
90660,ZCTA5 90660,67636,37.1,63001
90704,ZCTA5 90704,73287,42.3,3979
90720,ZCTA5 90720,106332,43.7,22261
90723,ZCTA5 90723,55670,30.9,54513
90803,ZCTA5 90803,90278,45.4,32126
90022,ZCTA5 90022,46051,32.6,67014
90019,ZCTA5 90019,56389,38.2,64534
90028,ZCTA5 90028,45499,36.3,29774
90037,ZCTA5 90037,35424,30.7,67640
90041,ZCTA5 90041,85971,38.8,29090
90048,ZCTA5 90048,100586,37.7,21489
90057,ZCTA5 90057,37700,33.5,50152
90067,ZCTA5 90067,118393,66.4,2428
90068,ZCTA5 90068,88535,42.5,21092
90069,ZCTA5 90069,93380,42.9,20230
90210,ZCTA5 90210,147270,49.2,19314
90221,ZCTA5 90221,51377,31,51688
90232,ZCTA5 90232,90467,40.4,14780
90240,ZCTA5 90240,86383,38.2,26413
90247,ZCTA5 90247,55561,38,48293
90274,ZCTA5 90274,169919,51.7,25061
90293,ZCTA5 90293,105865,37.9,12728
90301,ZCTA5 90301,47464,35.4,38234
92064,ZCTA5 92064,108030,41,49805
92069,ZCTA5 92069,71488,34.3,50376
92086,ZCTA5 92086,41083,62.3,1543
92126,ZCTA5 92126,96915,34.5,82658
92130,ZCTA5 92130,155452,39,56134
92236,ZCTA5 92236,34436,34.7,45477
94112,ZCTA5 94112,94757,42.8,84707
94132,ZCTA5 94132,84349,33,31436
94511,ZCTA5 94511,33583,45.5,2161
94513,ZCTA5 94513,108243,40.5,64313
94533,ZCTA5 94533,73042,33.8,75909
94061,ZCTA5 94061,112609,37,39023
91945,ZCTA5 91945,64027,35.4,27236
91377,ZCTA5 91377,132578,43.8,13853
91403,ZCTA5 91403,104802,39,25156
91411,ZCTA5 91411,58605,35.2,26111
91506,ZCTA5 91506,81597,42.9,18591
91752,ZCTA5 91752,85296,34.2,35694
91754,ZCTA5 91754,63909,43,33636
91763,ZCTA5 91763,62386,32.5,38863
91765,ZCTA5 91765,100480,42.8,46593
91709,ZCTA5 91709,106347,38,80701
91731,ZCTA5 91731,42293,34.8,30222
91733,ZCTA5 91733,50691,34.7,45365
91737,ZCTA5 91737,106603,40.3,25154
91741,ZCTA5 91741,110430,41.5,26794
91745,ZCTA5 91745,85975,42.9,55202
91768,ZCTA5 91768,56002,29.2,35191
91780,ZCTA5 91780,75672,42.7,35133
91792,ZCTA5 91792,82954,38.3,29619
91917,ZCTA5 91917,73214,36.8,986
91931,ZCTA5 91931,NA,36.5,613
91325,ZCTA5 91325,71400,36.9,34575
91326,ZCTA5 91326,117590,46.4,36339
91345,ZCTA5 91345,77273,37.8,19145
91356,ZCTA5 91356,76929,43.7,29822
91402,ZCTA5 91402,45796,33.7,72059
91436,ZCTA5 91436,174085,46.7,15292
91501,ZCTA5 91501,67817,40.5,20511
91605,ZCTA5 91605,50623,34.8,53113
91723,ZCTA5 91723,64422,36.6,18521
91739,ZCTA5 91739,112790,35.1,39875
91740,ZCTA5 91740,85590,40.6,25877
91744,ZCTA5 91744,71243,34.7,85421
91746,ZCTA5 91746,70825,35.9,29709
91750,ZCTA5 91750,89360,44.9,34129
91759,ZCTA5 91759,71042,52.4,307
91762,ZCTA5 91762,60293,32.6,61718
94062,ZCTA5 94062,178480,45,28423
94080,ZCTA5 94080,105600,40.3,67600
94114,ZCTA5 94114,162193,39.2,34918
94402,ZCTA5 94402,169086,41.1,25703
94519,ZCTA5 94519,96540,38,20041
94563,ZCTA5 94563,222930,48.7,19644
94520,ZCTA5 94520,60652,34.8,38753
94538,ZCTA5 94538,112473,35.7,67474
94559,ZCTA5 94559,76961,38.5,27593
94578,ZCTA5 94578,66450,35.2,41865
94580,ZCTA5 94580,96493,37.8,30488
92386,ZCTA5 92386,41840,45.1,2248
92397,ZCTA5 92397,68640,40.9,4562
92549,ZCTA5 92549,78977,56,2517
92563,ZCTA5 92563,96929,32.1,69469
92591,ZCTA5 92591,88034,35,41609
92610,ZCTA5 92610,129270,36.3,16360
95454,ZCTA5 95454,36907,50.4,2107
95456,ZCTA5 95456,40481,60.5,838
95459,ZCTA5 95459,53125,42.6,641
95464,ZCTA5 95464,48808,45.2,2505
95493,ZCTA5 95493,63358,68.5,377
95525,ZCTA5 95525,49375,50.3,1401
95526,ZCTA5 95526,33571,62.7,196
95548,ZCTA5 95548,38977,45.8,1251
95555,ZCTA5 95555,35938,41.7,437
95570,ZCTA5 95570,50278,46.4,2338
95573,ZCTA5 95573,66731,37.6,1568
91316,ZCTA5 91316,76978,41.3,30499
91504,ZCTA5 91504,83994,38.6,26749
91724,ZCTA5 91724,82976,40.4,26717
91103,ZCTA5 91103,71231,38.2,27659
91008,ZCTA5 91008,96500,53.8,1084
91046,ZCTA5 91046,NA,83.2,158
91210,ZCTA5 91210,135741,35.1,529
91330,ZCTA5 91330,NA,19.8,3257
91371,ZCTA5 91371,NA,NA,0
91387,ZCTA5 91387,98371,34.5,42034
91390,ZCTA5 91390,120617,41.7,19168
91708,ZCTA5 91708,85545,34.7,4009
91915,ZCTA5 91915,115435,33.4,33485
92335,ZCTA5 92335,53099,29.3,99306
92371,ZCTA5 92371,57692,38.1,18269
92372,ZCTA5 92372,54493,41.5,6071
92392,ZCTA5 92392,62961,30.9,58393
92505,ZCTA5 92505,70854,31.6,53282
92401,ZCTA5 92401,22500,27.4,2257
92408,ZCTA5 92408,42595,33.1,13635
92504,ZCTA5 92504,63581,33.2,59896
92506,ZCTA5 92506,98111,38.7,46241
92509,ZCTA5 92509,68210,31.2,81383
92539,ZCTA5 92539,43036,47,4557
92543,ZCTA5 92543,33319,35.2,38314
92586,ZCTA5 92586,40757,59.8,19472
92592,ZCTA5 92592,105279,36.1,84930
92618,ZCTA5 92618,107353,33.9,48997
92625,ZCTA5 92625,155372,55.6,12394
92679,ZCTA5 92679,175027,43.5,32657
92688,ZCTA5 92688,116064,37.4,44832
92708,ZCTA5 92708,92301,44.2,56953
92806,ZCTA5 92806,68973,34.4,39442
92843,ZCTA5 92843,63248,37.4,46873
92870,ZCTA5 92870,94908,37.5,53600
92004,ZCTA5 92004,49744,62.6,2299
92007,ZCTA5 92007,111901,45.3,11417
92037,ZCTA5 92037,109194,45.3,38168
92020,ZCTA5 92020,59151,35.1,59743
92025,ZCTA5 92025,58273,33,52985
92027,ZCTA5 92027,65989,34.3,56788
92065,ZCTA5 92065,98366,40.4,37505
92256,ZCTA5 92256,53500,50.1,3100
92283,ZCTA5 92283,22100,32.9,1684
92328,ZCTA5 92328,43750,41.4,438
92363,ZCTA5 92363,33942,42.3,5348
92008,ZCTA5 92008,84671,42.1,27151
92036,ZCTA5 92036,56284,56.9,2593
92106,ZCTA5 92106,103840,38.8,20155
92108,ZCTA5 92108,75296,31.9,22280
92109,ZCTA5 92109,80467,32.1,47111
92121,ZCTA5 92121,107786,31.8,4729
92128,ZCTA5 92128,103238,44,51357
92227,ZCTA5 92227,43061,30.9,27189
92249,ZCTA5 92249,47021,30.1,7861
92257,ZCTA5 92257,20976,50.9,1281
92264,ZCTA5 92264,53778,59.7,20072
92277,ZCTA5 92277,43080,26.8,23172
92301,ZCTA5 92301,44574,27.7,34250
92315,ZCTA5 92315,51155,43.7,5247
92105,ZCTA5 92105,43282,31.5,73623
92107,ZCTA5 92107,85299,35.8,31223
92624,ZCTA5 92624,98689,53.7,6372
92629,ZCTA5 92629,99838,49.6,26877
92649,ZCTA5 92649,100341,45,35278
92701,ZCTA5 92701,52372,29.5,55058
92675,ZCTA5 92675,94429,40.8,38803
92683,ZCTA5 92683,62617,41.8,91105
92691,ZCTA5 92691,117517,43.5,50839
92706,ZCTA5 92706,70201,33.2,35748
92808,ZCTA5 92808,128378,42.7,20483
92882,ZCTA5 92882,80424,35.1,73250
92887,ZCTA5 92887,139872,45.2,20012
92327,ZCTA5 92327,31058,51.5,737
92307,ZCTA5 92307,60732,35.9,39149
92003,ZCTA5 92003,80844,45.1,5160
92021,ZCTA5 92021,58414,34.7,70148
92059,ZCTA5 92059,96806,37.6,1464
92024,ZCTA5 92024,116616,43.1,51381
92028,ZCTA5 92028,74708,40.1,48173
92070,ZCTA5 92070,55417,50.8,786
92071,ZCTA5 92071,87334,38.2,57710
92101,ZCTA5 92101,71925,38.5,41159
92110,ZCTA5 92110,73651,33,30108
92111,ZCTA5 92111,74217,35.6,50693
92119,ZCTA5 92119,92500,43.7,24831
92127,ZCTA5 92127,138338,36.8,49935
92129,ZCTA5 92129,125250,39.3,54762
92201,ZCTA5 92201,45848,38.3,65726
92210,ZCTA5 92210,103750,67.4,5138
92211,ZCTA5 92211,63936,65.7,25056
92241,ZCTA5 92241,30933,55.5,7699
92242,ZCTA5 92242,33276,58.4,1312
92243,ZCTA5 92243,48290,33.4,50402
92251,ZCTA5 92251,83566,30.7,23970
92252,ZCTA5 92252,38333,40.5,9351
92260,ZCTA5 92260,56898,52.6,34660
92266,ZCTA5 92266,19438,66,112
92267,ZCTA5 92267,NA,NA,6
92270,ZCTA5 92270,78682,65.8,18193
92276,ZCTA5 92276,52333,52.1,6748
92278,ZCTA5 92278,51818,21.5,4890
92282,ZCTA5 92282,38396,40.4,1372
92304,ZCTA5 92304,NA,NA,23
92305,ZCTA5 92305,70250,50.6,657
92320,ZCTA5 92320,56051,47.9,8753
92338,ZCTA5 92338,NA,NA,0
92356,ZCTA5 92356,31008,40.9,6573
92382,ZCTA5 92382,58750,39.7,4462
92384,ZCTA5 92384,144688,39.8,17
92411,ZCTA5 92411,41984,28.8,25650
92530,ZCTA5 92530,57286,31,58184
92583,ZCTA5 92583,44756,35.2,32697
92585,ZCTA5 92585,73682,35.1,21907
92595,ZCTA5 92595,78057,34.9,33649
93635,ZCTA5 93635,62526,30.7,41180
93640,ZCTA5 93640,30752,29.2,12920
93646,ZCTA5 93646,27761,26.3,11738
93647,ZCTA5 93647,35000,28.3,11407
93653,ZCTA5 93653,64219,47.9,1377
93657,ZCTA5 93657,57600,34.4,35666
90504,ZCTA5 90504,90210,41.4,33410
90602,ZCTA5 90602,55216,33.1,25581
90631,ZCTA5 90631,83629,37.2,69064
90814,ZCTA5 90814,73391,36.5,19685
90815,ZCTA5 90815,94559,37.8,41312
90071,ZCTA5 90071,61875,41.3,126
94702,ZCTA5 94702,82076,39.8,16860
94704,ZCTA5 94704,38125,21.8,29597
94707,ZCTA5 94707,154184,52.5,11767
94904,ZCTA5 94904,139500,47.7,12994
94014,ZCTA5 94014,90970,39.5,49170
94020,ZCTA5 94020,139219,52.2,1697
93703,ZCTA5 93703,33550,29.2,32754
93725,ZCTA5 93725,47524,27.4,27214
93436,ZCTA5 93436,62423,34.5,56323
93441,ZCTA5 93441,100833,49.1,922
93452,ZCTA5 93452,52578,33.5,658
93518,ZCTA5 93518,41563,57,814
93522,ZCTA5 93522,NA,64.8,100
93528,ZCTA5 93528,2499,31,119
93606,ZCTA5 93606,NA,25.2,1035
93624,ZCTA5 93624,32216,27.9,871
93648,ZCTA5 93648,35210,29.1,16087
93654,ZCTA5 93654,50903,32.5,30373
93656,ZCTA5 93656,49259,33.3,5806
93010,ZCTA5 93010,93534,39,46063
93015,ZCTA5 93015,76334,34.9,17989
93117,ZCTA5 93117,66151,22.1,58546
93202,ZCTA5 93202,50590,27.4,4273
93223,ZCTA5 93223,39720,29.5,10716
93244,ZCTA5 93244,NA,59.5,308
93277,ZCTA5 93277,59223,33.7,52271
93292,ZCTA5 93292,61498,31.3,42031
93305,ZCTA5 93305,31471,27.4,37902
93313,ZCTA5 93313,75162,29.8,55221
93405,ZCTA5 93405,45933,21.8,35898
93424,ZCTA5 93424,58125,66,795
93432,ZCTA5 93432,93867,57.3,1503
93433,ZCTA5 93433,64217,37.2,13535
93450,ZCTA5 93450,50556,27.3,767
93460,ZCTA5 93460,95585,48,5284
93465,ZCTA5 93465,92051,46.4,9202
93532,ZCTA5 93532,64969,46.1,2683
93550,ZCTA5 93550,45918,29.1,77506
93551,ZCTA5 93551,93055,38.2,50601
93561,ZCTA5 93561,64246,40.1,34979
93563,ZCTA5 93563,NA,48.6,357
93602,ZCTA5 93602,63804,50.9,3530
93605,ZCTA5 93605,90750,23.9,198
93610,ZCTA5 93610,54031,34.4,22724
93644,ZCTA5 93644,51745,49.2,9055
93662,ZCTA5 93662,42308,31.3,30725
93668,ZCTA5 93668,50063,39.3,1219
93704,ZCTA5 93704,60109,35.6,29740
93726,ZCTA5 93726,40489,29.2,42824
93906,ZCTA5 93906,67199,32.1,64348
93908,ZCTA5 93908,129789,48.4,12398
93923,ZCTA5 93923,99955,59.6,12837
93665,ZCTA5 93665,40263,28.5,752
93702,ZCTA5 93702,27159,28.3,43601
93705,ZCTA5 93705,40516,31.7,36808
93706,ZCTA5 93706,32325,29.3,40586
93710,ZCTA5 93710,51605,28.4,33448
93905,ZCTA5 93905,51472,27.5,60531
93940,ZCTA5 93940,85503,39.8,32236
95623,ZCTA5 95623,75669,52.2,3665
95140,ZCTA5 95140,NA,54.2,102
95937,ZCTA5 95937,51625,32.1,1540
95939,ZCTA5 95939,41250,36.4,605
95951,ZCTA5 95951,48500,29.7,2686
95960,ZCTA5 95960,36000,41.3,684
95634,ZCTA5 95634,52868,49,3559
95646,ZCTA5 95646,80227,36,80
95650,ZCTA5 95650,102107,48,14808
95664,ZCTA5 95664,72153,39.1,1603
95673,ZCTA5 95673,70876,36.8,16636
95684,ZCTA5 95684,50475,59.3,3129
95689,ZCTA5 95689,52700,57.8,1698
95694,ZCTA5 95694,84949,37.3,10495
95703,ZCTA5 95703,68359,55.6,831
95714,ZCTA5 95714,56250,50.9,522
95762,ZCTA5 95762,142453,44.4,43052
95817,ZCTA5 95817,50925,35.5,13758
95819,ZCTA5 95819,106514,36.4,19890
95824,ZCTA5 95824,38985,32.7,30296
95843,ZCTA5 95843,81028,32.9,47823
95917,ZCTA5 95917,62660,34.9,3717
95918,ZCTA5 95918,73261,52.2,2915
95922,ZCTA5 95922,97764,40.6,831
95926,ZCTA5 95926,49520,27.6,40000
95932,ZCTA5 95932,54167,38,7633
95935,ZCTA5 95935,NA,35.6,261
95938,ZCTA5 95938,86111,38.4,4446
95946,ZCTA5 95946,62434,57.7,8977
95955,ZCTA5 95955,62950,39.8,1386
95959,ZCTA5 95959,69314,53.6,18343
95965,ZCTA5 95965,35138,37.6,20498
95966,ZCTA5 95966,47252,43.5,29860
95970,ZCTA5 95970,63750,49.5,616
95993,ZCTA5 95993,69019,37.8,37077
95204,ZCTA5 95204,53077,37,28667
95230,ZCTA5 95230,89016,34.5,840
95231,ZCTA5 95231,41935,33.6,5165
95246,ZCTA5 95246,57689,63.3,1159
95247,ZCTA5 95247,52661,57.2,4024
95315,ZCTA5 95315,59298,31.2,14520
95325,ZCTA5 95325,NA,52.4,78
95326,ZCTA5 95326,79386,35.6,10147
95328,ZCTA5 95328,53112,27.9,4480
95841,ZCTA5 95841,50295,34.5,21229
95912,ZCTA5 95912,69786,34.1,5380
95942,ZCTA5 95942,NA,61.1,934
95944,ZCTA5 95944,NA,NA,26
95948,ZCTA5 95948,58254,34.7,11917
95950,ZCTA5 95950,24940,32.1,350
95953,ZCTA5 95953,57949,34.2,10925
95956,ZCTA5 95956,71438,55.3,348
95983,ZCTA5 95983,80729,49,380
95987,ZCTA5 95987,66095,31.3,5950
95334,ZCTA5 95334,55044,30.1,17057
95337,ZCTA5 95337,83933,35,39177
95356,ZCTA5 95356,70699,37.9,32622
95363,ZCTA5 95363,71934,31.7,27908
95383,ZCTA5 95383,79329,54.6,3611
94028,ZCTA5 94028,234091,50.9,7125
94040,ZCTA5 94040,139278,34.6,36526
94102,ZCTA5 94102,46372,39.2,31392
94111,ZCTA5 94111,120905,46.6,3611
94010,ZCTA5 94010,152388,41.9,42760
94044,ZCTA5 94044,125500,42.5,38984
94070,ZCTA5 94070,185459,41.9,31074
94105,ZCTA5 94105,213987,35.1,10916
94121,ZCTA5 94121,103151,42.7,43616
94301,ZCTA5 94301,159148,44.9,16582
94303,ZCTA5 94303,105763,34.1,48244
94305,ZCTA5 94305,60000,22.5,16397
94403,ZCTA5 94403,134875,38.6,44408
94572,ZCTA5 94572,75142,36.7,10384
94579,ZCTA5 94579,88991,42.5,21883
94589,ZCTA5 94589,68494,36.4,31536
94603,ZCTA5 94603,52634,31,35862
94605,ZCTA5 94605,72778,38.5,43399
94612,ZCTA5 94612,55291,37,15785
94706,ZCTA5 94706,100461,36.6,21218
94923,ZCTA5 94923,85069,67.3,808
94928,ZCTA5 94928,71824,34.6,44323
94938,ZCTA5 94938,126429,40.8,920
94939,ZCTA5 94939,119158,48.9,6747
94945,ZCTA5 94945,120020,47.3,19043
94964,ZCTA5 94964,NA,35,3155
94512,ZCTA5 94512,NA,NA,16
94569,ZCTA5 94569,181116,56.8,180
94517,ZCTA5 94517,150032,45.7,13687
94545,ZCTA5 94545,91310,39.7,32724
94556,ZCTA5 94556,141366,45.3,16428
94574,ZCTA5 94574,93587,51.1,8757
94583,ZCTA5 94583,152656,40.8,35231
94586,ZCTA5 94586,133125,51,831
94601,ZCTA5 94601,50122,33.3,53039
94621,ZCTA5 94621,42563,29.9,35035
94708,ZCTA5 94708,170139,50.5,11394
94710,ZCTA5 94710,81907,35.5,7893
94117,ZCTA5 94117,170211,33.4,44650
94134,ZCTA5 94134,77983,42.2,42418
94404,ZCTA5 94404,149836,40.6,36985
94506,ZCTA5 94506,212739,45,25240
94509,ZCTA5 94509,64502,35.1,68166
94510,ZCTA5 94510,103163,46.1,28350
94801,ZCTA5 94801,56582,32.8,31210
94803,ZCTA5 94803,89851,44,25893
94901,ZCTA5 94901,90440,39.2,41713
94947,ZCTA5 94947,110274,48.1,25867
94952,ZCTA5 94952,88848,43.5,35503
94960,ZCTA5 94960,133381,47.5,15868
94970,ZCTA5 94970,121071,60.2,698
94542,ZCTA5 94542,121354,33.7,14699
94550,ZCTA5 94550,139387,42.7,50374
92602,ZCTA5 92602,100745,36.5,23238
92661,ZCTA5 92661,123558,47.8,3445
92672,ZCTA5 92672,87455,44.9,34218
92673,ZCTA5 92673,151007,43.2,30768
92823,ZCTA5 92823,151071,37.8,4872
92835,ZCTA5 92835,113345,45,23528
95979,ZCTA5 95979,34625,60.1,414
95981,ZCTA5 95981,NA,38.3,39
95991,ZCTA5 95991,50682,33.9,40861
95003,ZCTA5 95003,103982,50.1,25185
95012,ZCTA5 95012,61373,26.7,10780
95017,ZCTA5 95017,66484,48.7,681
95030,ZCTA5 95030,209563,50,13481
95037,ZCTA5 95037,125057,40,51994
95043,ZCTA5 95043,76500,48.9,731
95045,ZCTA5 95045,88804,46.7,4217
95050,ZCTA5 95050,96872,34.1,38699
95066,ZCTA5 95066,111480,44.5,15341
95120,ZCTA5 95120,206531,46.3,38122
95123,ZCTA5 95123,117579,37.4,68766
95225,ZCTA5 95225,68750,43.7,378
95228,ZCTA5 95228,83313,49.9,4541
95242,ZCTA5 95242,73083,41.9,26409
95250,ZCTA5 95250,NA,NA,0
95258,ZCTA5 95258,92545,52.3,3599
95301,ZCTA5 95301,60958,33.2,39186
95324,ZCTA5 95324,64167,33.3,8380
95330,ZCTA5 95330,85092,32.1,22760
95346,ZCTA5 95346,110032,58.2,1251
95365,ZCTA5 95365,40592,30.6,4775
95380,ZCTA5 95380,46580,32,42866
95385,ZCTA5 95385,68542,35.1,415
95389,ZCTA5 95389,55809,40.1,1417
95405,ZCTA5 95405,89876,45.9,21082
95412,ZCTA5 95412,72784,56.1,397
95431,ZCTA5 95431,NA,58.9,161
95436,ZCTA5 95436,64902,50.9,6240
95441,ZCTA5 95441,100938,43,1797
95451,ZCTA5 95451,54110,44.2,11603
95462,ZCTA5 95462,44261,52.7,1124
95470,ZCTA5 95470,63229,45.3,5561
95472,ZCTA5 95472,92674,51.5,30736
95482,ZCTA5 95482,52673,38.6,31482
95497,ZCTA5 95497,81833,66.1,1134
95503,ZCTA5 95503,54873,40.8,25972
95519,ZCTA5 95519,56487,36.3,19763
95531,ZCTA5 95531,44894,38.2,23737
95536,ZCTA5 95536,51045,45.3,2899
95537,ZCTA5 95537,NA,60.4,251
95559,ZCTA5 95559,2499,53.7,70
95564,ZCTA5 95564,42206,41.5,389
95607,ZCTA5 95607,75964,61.1,389
95608,ZCTA5 95608,64059,41.7,62539
95619,ZCTA5 95619,68614,41.1,5718
95624,ZCTA5 95624,93090,37.9,65948
95004,ZCTA5 95004,110741,35.6,4218
95032,ZCTA5 95032,154810,45.5,26047
95060,ZCTA5 95060,78344,36.3,47801
92040,ZCTA5 92040,79803,39.2,46306
90006,ZCTA5 90006,37072,34.1,59576
90032,ZCTA5 90032,57225,34,48031
90042,ZCTA5 90042,64267,35.8,63193
90043,ZCTA5 90043,54729,40.1,45873
90047,ZCTA5 90047,52605,38.4,51411
90049,ZCTA5 90049,129688,40.6,36418
92840,ZCTA5 92840,72926,36.6,54735
92881,ZCTA5 92881,107886,37.7,33531
92310,ZCTA5 92310,54787,22.1,9872
92314,ZCTA5 92314,53932,41.6,11385
92321,ZCTA5 92321,47222,43,1042
92054,ZCTA5 92054,63404,34.6,41807
92056,ZCTA5 92056,81583,39.9,52337
95129,ZCTA5 95129,148068,41.2,39741
95203,ZCTA5 95203,44922,34.4,15487
95205,ZCTA5 95205,36444,29.3,38350
95641,ZCTA5 95641,42926,50.2,1489
95642,ZCTA5 95642,62083,54.4,7101
95648,ZCTA5 95648,88158,43.5,52949
95661,ZCTA5 95661,86823,41.6,31315
95670,ZCTA5 95670,67015,36.7,55558
95683,ZCTA5 95683,108338,50.1,6326
95688,ZCTA5 95688,94863,39.1,37260
95701,ZCTA5 95701,83958,59,915
95715,ZCTA5 95715,NA,46.8,104
95721,ZCTA5 95721,NA,NA,0
95736,ZCTA5 95736,56786,24.9,289
95776,ZCTA5 95776,81184,33.4,23911
95814,ZCTA5 95814,33938,34,11908
95832,ZCTA5 95832,47341,29.7,12114
95837,ZCTA5 95837,219063,47.3,300
95612,ZCTA5 95612,95000,36.1,1321
95614,ZCTA5 95614,99529,50.6,4359
95636,ZCTA5 95636,50757,56,1195
95675,ZCTA5 95675,40670,46.4,566
95685,ZCTA5 95685,57420,50.7,4665
95687,ZCTA5 95687,86056,37.8,69060
95722,ZCTA5 95722,94071,52.1,5123
95735,ZCTA5 95735,154375,47.5,12
95747,ZCTA5 95747,105431,39.5,66931
95820,ZCTA5 95820,51068,35.1,36437
95827,ZCTA5 95827,59115,35.2,20666
95903,ZCTA5 95903,49750,22,1653
95916,ZCTA5 95916,33942,56.4,1359
95941,ZCTA5 95941,55870,62.7,775
95945,ZCTA5 95945,48648,49.5,25381
95954,ZCTA5 95954,51263,49.1,12371
95962,ZCTA5 95962,NA,44,1324
95969,ZCTA5 95969,51625,50.8,23572
95971,ZCTA5 95971,53568,45.6,5924
95975,ZCTA5 95975,69082,59.3,1877
95977,ZCTA5 95977,50536,36.8,1488
95986,ZCTA5 95986,60714,70.5,56
95002,ZCTA5 95002,95875,31.7,2348
95006,ZCTA5 95006,102583,47.8,9632
95019,ZCTA5 95019,47025,33.9,7368
95119,ZCTA5 95119,126860,40.4,10027
95127,ZCTA5 95127,98692,35.7,66256
95128,ZCTA5 95128,93455,36.7,36975
90230,ZCTA5 90230,85524,40.4,32687
90249,ZCTA5 90249,60669,41.2,26429
90272,ZCTA5 90272,192500,47.7,21629
90291,ZCTA5 90291,99652,38.5,26950
90303,ZCTA5 90303,55897,33.4,24374
90403,ZCTA5 90403,107420,41.3,23902
90502,ZCTA5 90502,73826,42.7,17778
90603,ZCTA5 90603,103535,39.6,21584
90604,ZCTA5 90604,74944,35.2,42911
90007,ZCTA5 90007,27406,24.3,42433
90015,ZCTA5 90015,43890,31.9,22651
90003,ZCTA5 90003,40598,28.3,73730
90020,ZCTA5 90020,49068,34.4,39189
90023,ZCTA5 90023,42972,31.4,46680
90027,ZCTA5 90027,66947,38.1,44770
90039,ZCTA5 90039,90538,39.2,29510
90045,ZCTA5 90045,104578,35.1,40567
90046,ZCTA5 90046,72266,38.2,50900
90077,ZCTA5 90077,209531,48.5,8382
90260,ZCTA5 90260,65340,35.9,34827
90262,ZCTA5 90262,52313,30,70536
90263,ZCTA5 90263,NA,19.8,1838
90278,ZCTA5 90278,116783,39.7,40252
90211,ZCTA5 90211,86437,42.2,8019
90056,ZCTA5 90056,92656,49.3,7649
90058,ZCTA5 90058,21964,22.7,2718
90062,ZCTA5 90062,49443,34.6,35916
90220,ZCTA5 90220,57074,31.7,52817
90222,ZCTA5 90222,49894,29.1,33200
90255,ZCTA5 90255,44962,32.6,75019
90265,ZCTA5 90265,152378,50.9,17954
90266,ZCTA5 90266,153023,44,35500
90292,ZCTA5 90292,114726,39.6,23549
90304,ZCTA5 90304,49120,30.2,25946
90505,ZCTA5 90505,99764,41.9,37220
90621,ZCTA5 90621,67650,35.7,35598
90640,ZCTA5 90640,56009,36.1,62730
90650,ZCTA5 90650,70667,34.9,105304
90002,ZCTA5 90002,37285,28,53302
90005,ZCTA5 90005,38491,35.6,39732
90011,ZCTA5 90011,40940,28.7,111165
90014,ZCTA5 90014,40641,41.7,8688
90026,ZCTA5 90026,65269,34.7,68906
90033,ZCTA5 90033,38266,31.1,49155
90038,ZCTA5 90038,47116,33.9,28580
90040,ZCTA5 90040,47120,35.3,12328
90044,ZCTA5 90044,35981,31.6,99443
90808,ZCTA5 90808,110625,42.4,39330
90680,ZCTA5 90680,59220,35.4,30531
90701,ZCTA5 90701,67765,38.3,16801
90802,ZCTA5 90802,54616,36.4,38962
90805,ZCTA5 90805,50914,31.2,95995
90004,ZCTA5 90004,49675,35.2,60541
95514,ZCTA5 95514,60972,31,140
95550,ZCTA5 95550,100435,45.4,94
95567,ZCTA5 95567,57266,49.3,1802
95602,ZCTA5 95602,82397,54.7,17557
95603,ZCTA5 95603,68257,47.7,29474
95628,ZCTA5 95628,86181,45.4,40855
93927,ZCTA5 93927,58766,27.6,18812
93035,ZCTA5 93035,92109,41.9,29354
93067,ZCTA5 93067,48828,60,410
93203,ZCTA5 93203,38985,25.4,22662
93060,ZCTA5 93060,62789,32.7,33773
93065,ZCTA5 93065,101102,40,71832
94553,ZCTA5 94553,103728,41.6,49784
94602,ZCTA5 94602,95479,42,30162
94608,ZCTA5 94608,87517,35.5,31013
94609,ZCTA5 94609,86750,34.6,23726
94922,ZCTA5 94922,110845,38.6,1075
94931,ZCTA5 94931,80186,38.2,8926
93066,ZCTA5 93066,106875,46.3,3220
93105,ZCTA5 93105,94556,46.4,28545
93208,ZCTA5 93208,2499,26.8,106
93215,ZCTA5 93215,43520,30.6,54958
93219,ZCTA5 93219,32278,28.6,10285
93225,ZCTA5 93225,45818,50.5,4782
93210,ZCTA5 93210,61038,32.3,18336
93243,ZCTA5 93243,44219,42.2,1532
93250,ZCTA5 93250,36299,26.7,16191
93257,ZCTA5 93257,43893,31.4,76519
93262,ZCTA5 93262,NA,32.5,53
93615,ZCTA5 93615,43380,26.3,6347
93620,ZCTA5 93620,45014,31.5,8906
93622,ZCTA5 93622,39290,28.6,10335
93645,ZCTA5 93645,NA,48,148
93650,ZCTA5 93650,35440,38.2,3173
93512,ZCTA5 93512,40735,52.5,328
93516,ZCTA5 93516,49318,38.2,2244
93523,ZCTA5 93523,62760,27.7,3556
93527,ZCTA5 93527,68421,56.9,1559
93531,ZCTA5 93531,139167,50.7,338
93534,ZCTA5 93534,41537,33.2,39367
93553,ZCTA5 93553,51630,52.1,1709
93554,ZCTA5 93554,20865,73.6,125
93666,ZCTA5 93666,28750,21.9,866
93675,ZCTA5 93675,73151,43.5,3905
93721,ZCTA5 93721,28529,33.2,7650
93722,ZCTA5 93722,59028,30.9,84621
93901,ZCTA5 93901,64678,34.4,28194
93920,ZCTA5 93920,57353,35.3,1545
93950,ZCTA5 93950,88326,48.9,15547
93239,ZCTA5 93239,55082,31.7,1246
93241,ZCTA5 93241,41563,27.2,16397
93255,ZCTA5 93255,32569,60.6,691
93256,ZCTA5 93256,33807,29.5,5431
93280,ZCTA5 93280,39429,29.8,28138
93301,ZCTA5 93301,33324,30.2,12325
93437,ZCTA5 93437,69911,23.4,3387
93445,ZCTA5 93445,69274,38.8,7106
93442,ZCTA5 93442,70580,50.7,10917
93444,ZCTA5 93444,87087,44.3,21331
93453,ZCTA5 93453,50675,55.6,2578
93463,ZCTA5 93463,97347,47.8,7911
93514,ZCTA5 93514,63849,45.9,14175
93529,ZCTA5 93529,NA,66.9,390
93541,ZCTA5 93541,NA,53.3,244
93549,ZCTA5 93549,59688,54.1,293
93562,ZCTA5 93562,37176,39.8,1771
93268,ZCTA5 93268,39517,29.8,18731
93271,ZCTA5 93271,72188,56,2479
93954,ZCTA5 93954,56818,26.7,551
93955,ZCTA5 93955,63832,32.8,34566
93960,ZCTA5 93960,63604,35.9,26966
91354,ZCTA5 91354,128308,37.6,32544
91010,ZCTA5 91010,74738,40.7,26380
91203,ZCTA5 91203,61071,37.5,15410
91340,ZCTA5 91340,57398,33.8,36156
91362,ZCTA5 91362,117566,45.9,36604
91364,ZCTA5 91364,106225,43.6,27971
94946,ZCTA5 94946,140625,57.8,658
94950,ZCTA5 94950,NA,48.4,123
94973,ZCTA5 94973,56379,64.1,1228
94555,ZCTA5 94555,147358,37.4,38478
94571,ZCTA5 94571,68226,62.7,10605
94576,ZCTA5 94576,NA,67.8,105
94591,ZCTA5 94591,85311,40.8,55157
94595,ZCTA5 94595,76583,68.2,18117
94596,ZCTA5 94596,109167,39.2,21700
94598,ZCTA5 94598,154125,45.1,27831
94606,ZCTA5 94606,56129,36.6,38220
94610,ZCTA5 94610,100717,39.2,31936
94618,ZCTA5 94618,167606,42.4,17252
94703,ZCTA5 94703,83074,34.5,21697
94705,ZCTA5 94705,125104,43.2,13527
94937,ZCTA5 94937,87273,61.8,742
94940,ZCTA5 94940,107625,63.2,287
94965,ZCTA5 94965,105391,51.5,11394
94558,ZCTA5 94558,93052,42.2,68315
94564,ZCTA5 94564,100240,43.3,19260
94015,ZCTA5 94015,95541,39.8,65041
94027,ZCTA5 94027,250001,46.8,7415
94038,ZCTA5 94038,120438,42.5,3450
94041,ZCTA5 94041,139818,34.6,14572
92066,ZCTA5 92066,60938,37.9,693
92091,ZCTA5 92091,155789,60.9,1313
92103,ZCTA5 92103,78720,40.2,34700
92113,ZCTA5 92113,40310,26.8,58408
92116,ZCTA5 92116,74559,36.2,33408
92118,ZCTA5 92118,108967,42.2,22548
92060,ZCTA5 92060,81225,59.5,166
92075,ZCTA5 92075,106934,45.1,12752
92083,ZCTA5 92083,67693,31.9,39509
92084,ZCTA5 92084,73645,34.3,51619
92104,ZCTA5 92104,67668,33.9,45435
92325,ZCTA5 92325,64667,42.3,7948
92333,ZCTA5 92333,74779,67.4,392
92336,ZCTA5 92336,92569,32.9,98346
92365,ZCTA5 92365,53300,47.3,2733
92389,ZCTA5 92389,30577,67,168
92398,ZCTA5 92398,56757,32.8,2195
92606,ZCTA5 92606,102991,33.6,26171
92802,ZCTA5 92802,60170,33.7,42016
92501,ZCTA5 92501,61630,32.9,21590
92508,ZCTA5 92508,116976,34.2,38428
92518,ZCTA5 92518,70365,43.4,1021
92705,ZCTA5 92705,108786,39.2,47298
92883,ZCTA5 92883,111149,38,35933
92536,ZCTA5 92536,59960,43.6,3076
92557,ZCTA5 92557,73661,32.4,53406
92571,ZCTA5 92571,64583,28.6,57622
92582,ZCTA5 92582,70642,28.7,17219
92584,ZCTA5 92584,95242,33.2,54235
95130,ZCTA5 95130,127772,39,14660
95138,ZCTA5 95138,179724,40.4,20674
95210,ZCTA5 95210,47142,30.8,41509
95233,ZCTA5 95233,74653,44.5,548
95237,ZCTA5 95237,61042,33.8,3639
95255,ZCTA5 95255,35169,58.8,1289
91202,ZCTA5 91202,75703,43.8,23345
91207,ZCTA5 91207,85956,46.1,11031
91208,ZCTA5 91208,108374,43.8,15860
91214,ZCTA5 91214,104981,44,30787
91307,ZCTA5 91307,120474,44.7,26341
91311,ZCTA5 91311,91897,43.6,40839
91344,ZCTA5 91344,96162,42.7,53613
91730,ZCTA5 91730,72995,33.3,72407
91764,ZCTA5 91764,61501,31.6,56677
91775,ZCTA5 91775,86415,42.4,25004
91790,ZCTA5 91790,82128,37.5,45444
91977,ZCTA5 91977,66147,34.9,64750
91020,ZCTA5 91020,67742,41.5,8633
91030,ZCTA5 91030,104432,40.1,25637
91104,ZCTA5 91104,77919,40.5,37874
91205,ZCTA5 91205,44835,41.6,37638
91007,ZCTA5 91007,83964,44.3,34116
91042,ZCTA5 91042,64532,44,26966
91206,ZCTA5 91206,70141,41.8,34739
91301,ZCTA5 91301,124012,44.2,26334
91320,ZCTA5 91320,118986,42.3,44968
91321,ZCTA5 91321,73187,35.6,34014
91350,ZCTA5 91350,117707,37.8,36173
91351,ZCTA5 91351,81758,37,32711
91361,ZCTA5 91361,119303,50.3,20258
91601,ZCTA5 91601,53911,33.9,36841
91606,ZCTA5 91606,50155,36.8,44295
91732,ZCTA5 91732,51268,36,62905
91755,ZCTA5 91755,58411,45.7,26803
91801,ZCTA5 91801,60519,40.3,54768
91803,ZCTA5 91803,63264,42.3,29567
91786,ZCTA5 91786,61898,34.8,53697
91789,ZCTA5 91789,101841,44.3,44440
91791,ZCTA5 91791,84530,39.5,33397
91360,ZCTA5 91360,100246,43.7,43121
91040,ZCTA5 91040,86594,47.3,20049
91352,ZCTA5 91352,57145,35.7,47076
91101,ZCTA5 91101,70075,34.9,21395
95476,ZCTA5 95476,82036,50.2,36586
95485,ZCTA5 95485,43375,53.1,2650
95524,ZCTA5 95524,63214,54.5,1668
95492,ZCTA5 95492,107153,40.8,29271
95501,ZCTA5 95501,44952,39.4,23324
95257,ZCTA5 95257,54390,53.8,407
95306,ZCTA5 95306,46176,58.1,654
95307,ZCTA5 95307,58827,30.4,46283
95316,ZCTA5 95316,70907,37.7,7022
95335,ZCTA5 95335,NA,57.8,153
95336,ZCTA5 95336,64164,37.5,47855
95350,ZCTA5 95350,53604,36.6,54210
95430,ZCTA5 95430,NA,NA,7
95452,ZCTA5 95452,81118,64.4,919
95521,ZCTA5 95521,39276,28,21068
95528,ZCTA5 95528,61528,39.8,1437
95540,ZCTA5 95540,46219,40.1,14196
95552,ZCTA5 95552,24318,57.4,750
95560,ZCTA5 95560,81640,44.8,1615
95606,ZCTA5 95606,NA,60.1,249
95629,ZCTA5 95629,66176,56,940
95633,ZCTA5 95633,74884,40.1,4188
95637,ZCTA5 95637,52917,50.1,268
95662,ZCTA5 95662,80434,41.2,32172
95667,ZCTA5 95667,71705,51,36487
95678,ZCTA5 95678,73253,37,42053
95682,ZCTA5 95682,87347,46.6,30314
95823,ZCTA5 95823,47553,31.4,79440
95825,ZCTA5 95825,40515,32.1,37473
95826,ZCTA5 95826,64241,33.5,39145
95920,ZCTA5 95920,51750,41.6,315
95925,ZCTA5 95925,21453,27,276
95674,ZCTA5 95674,104500,45.6,767
95659,ZCTA5 95659,54931,38.4,932
95668,ZCTA5 95668,64063,40.6,664
95669,ZCTA5 95669,79464,44.6,2315
95717,ZCTA5 95717,52639,59.5,176
95720,ZCTA5 95720,NA,54.4,103
95828,ZCTA5 95828,53229,36.4,58717
95830,ZCTA5 95830,101786,54.6,734
95842,ZCTA5 95842,53458,32.9,33522
95901,ZCTA5 95901,54851,31.7,33455
95919,ZCTA5 95919,59365,54.7,971
95928,ZCTA5 95928,52913,31.5,37735
95943,ZCTA5 95943,58594,35,871
95957,ZCTA5 95957,63125,37.4,879
95973,ZCTA5 95973,69551,36.4,36682
95630,ZCTA5 95630,114405,40.7,78159
95639,ZCTA5 95639,59524,39,335
91766,ZCTA5 91766,59819,31.5,72348
91767,ZCTA5 91767,62153,33.8,50606
91770,ZCTA5 91770,59776,42,62703
91776,ZCTA5 91776,58658,41.8,38664
91911,ZCTA5 91911,61748,35.7,84026
91941,ZCTA5 91941,88225,40.6,31918
91963,ZCTA5 91963,NA,42.2,1182
91980,ZCTA5 91980,NA,NA,0
91367,ZCTA5 91367,96085,40.2,45970
93962,ZCTA5 93962,120385,47.8,414
93272,ZCTA5 93272,37532,24.5,4707
93308,ZCTA5 93308,43717,33.7,53981
93402,ZCTA5 93402,77708,47,16562
93429,ZCTA5 93429,47404,68.6,144
93430,ZCTA5 93430,64948,59.3,2847
92587,ZCTA5 92587,83943,38,17237
92590,ZCTA5 92590,68125,34,5154
92620,ZCTA5 92620,115826,39.6,52569
92630,ZCTA5 92630,97554,41.2,59403
92657,ZCTA5 92657,204291,48.7,9802
92660,ZCTA5 92660,123955,45.5,35446
93063,ZCTA5 93063,96400,41.7,56458
93205,ZCTA5 93205,22438,45.3,2030
93224,ZCTA5 93224,45000,40.4,471
93226,ZCTA5 93226,66719,66,121
93240,ZCTA5 93240,38951,49.4,6327
93251,ZCTA5 93251,48750,51.3,202
93265,ZCTA5 93265,52174,53.6,3379
93287,ZCTA5 93287,102500,31.2,72
93309,ZCTA5 93309,50839,31.8,58538
93311,ZCTA5 93311,98130,35,45481
93427,ZCTA5 93427,91293,45.5,6200
93446,ZCTA5 93446,67766,40.7,44636
93451,ZCTA5 93451,64882,35.7,4477
93254,ZCTA5 93254,47333,34.3,786
93285,ZCTA5 93285,29736,57.5,2477
93286,ZCTA5 93286,42882,29.4,9906
93312,ZCTA5 93312,97671,33.8,61628
93109,ZCTA5 93109,90341,45.5,10771
93111,ZCTA5 93111,109561,44.8,17329
93201,ZCTA5 93201,41000,28.8,1580
93221,ZCTA5 93221,49354,37.6,14129
93230,ZCTA5 93230,62239,33.5,67605
93401,ZCTA5 93401,72107,35.4,28854
93207,ZCTA5 93207,20667,62.3,256
93544,ZCTA5 93544,43913,57.5,1164
93727,ZCTA5 93727,57537,30.8,84449
93204,ZCTA5 93204,41114,29.1,12961
93238,ZCTA5 93238,NA,61.1,673
93266,ZCTA5 93266,50144,22.9,1337
93428,ZCTA5 93428,71774,60.9,5859
93434,ZCTA5 93434,50864,28.5,7451
93440,ZCTA5 93440,64583,44.5,1659
93535,ZCTA5 93535,46600,30.4,74264
93510,ZCTA5 93510,105714,48,7644
93513,ZCTA5 93513,54758,46,1621
93517,ZCTA5 93517,72067,60.2,641
93543,ZCTA5 93543,51719,35.1,14392
93555,ZCTA5 93555,68794,36.5,33833
93604,ZCTA5 93604,86595,62.3,541
93614,ZCTA5 93614,71047,51.9,11982
93625,ZCTA5 93625,54806,34,8059
93630,ZCTA5 93630,49360,28.1,20764
93631,ZCTA5 93631,68502,34.9,16282
93637,ZCTA5 93637,56462,31,41108
93641,ZCTA5 93641,NA,59,223
93643,ZCTA5 93643,58819,49.5,2783
93926,ZCTA5 93926,65566,30.5,9171
90242,ZCTA5 90242,71233,34.1,42694
90620,ZCTA5 90620,91512,38.1,46414
90623,ZCTA5 90623,107480,43.7,15662
90630,ZCTA5 90630,93183,41.8,49205
90713,ZCTA5 90713,102970,39.1,28202
90715,ZCTA5 90715,76105,36.7,20256
92078,ZCTA5 92078,85335,38.8,50510
92117,ZCTA5 92117,86243,37.6,56983
92123,ZCTA5 92123,81899,33.5,32473
92139,ZCTA5 92139,69541,35.1,36105
92173,ZCTA5 92173,46549,31.5,31000
92223,ZCTA5 92223,80148,35.8,55580
94933,ZCTA5 94933,91384,40.8,837
94941,ZCTA5 94941,152125,47.7,32009
94971,ZCTA5 94971,NA,62.3,226
94972,ZCTA5 94972,NA,NA,25
94924,ZCTA5 94924,68250,62.2,1127
94920,ZCTA5 94920,165807,51.1,12740
94949,ZCTA5 94949,93580,46.6,18695
94956,ZCTA5 94956,74926,56.4,1146
94002,ZCTA5 94002,155473,41,27155
94107,ZCTA5 94107,166985,35.3,31461
94109,ZCTA5 94109,94278,36.6,57302
94115,ZCTA5 94115,123037,37,34604
94124,ZCTA5 94124,63267,37.2,35747
94130,ZCTA5 94130,54375,25.5,3008
94133,ZCTA5 94133,69756,42.5,26796
94502,ZCTA5 94502,154437,42.5,14701
94507,ZCTA5 94507,237841,49.9,15105
94514,ZCTA5 94514,69934,37.3,1475
94523,ZCTA5 94523,117568,40.9,35005
94539,ZCTA5 94539,177836,42.5,54982
94544,ZCTA5 94544,82520,34.3,79747
94005,ZCTA5 94005,112016,46.6,4697
94019,ZCTA5 94019,136758,46.2,20512
94024,ZCTA5 94024,250001,46.6,23675
94030,ZCTA5 94030,128494,43.9,22625
94037,ZCTA5 94037,93167,58.9,2504
94103,ZCTA5 94103,75764,36.9,30703
94104,ZCTA5 94104,51500,49.9,429
94127,ZCTA5 94127,172713,44.9,21151
94128,ZCTA5 94128,NA,53.8,146
94129,ZCTA5 94129,196917,30,4136
94501,ZCTA5 94501,94991,40.3,63821
94525,ZCTA5 94525,79681,47.4,3290
94549,ZCTA5 94549,178056,45.7,29795
94560,ZCTA5 94560,116856,37.1,47171
94568,ZCTA5 94568,146103,36.7,55608
94619,ZCTA5 94619,94490,40.7,24112
94804,ZCTA5 94804,59089,34,40931
94925,ZCTA5 94925,149439,46.5,9838
92694,ZCTA5 92694,166015,33.4,29570
92704,ZCTA5 92704,69272,32.9,88321
92867,ZCTA5 92867,95591,34.3,44655
92880,ZCTA5 92880,107076,33.3,69656
92886,ZCTA5 92886,125359,43.4,50784
92562,ZCTA5 92562,92093,37.3,64286
92019,ZCTA5 92019,86741,39.8,43272
92805,ZCTA5 92805,66253,31,74478
92596,ZCTA5 92596,101903,34,32256
92780,ZCTA5 92780,75378,33.8,59499
92010,ZCTA5 92010,102004,41.3,16346
92011,ZCTA5 92011,116382,44.5,24144
92055,ZCTA5 92055,49441,21.4,11765
92058,ZCTA5 92058,52591,25.3,46029
92081,ZCTA5 92081,82989,35.9,29596
92132,ZCTA5 92132,NA,NA,0
92134,ZCTA5 92134,NA,22.5,285
92135,ZCTA5 92135,NA,21,635
92140,ZCTA5 92140,NA,19.8,3737
92145,ZCTA5 92145,202266,40.5,1883
92147,ZCTA5 92147,NA,21.7,518
92155,ZCTA5 92155,NA,21.8,456
92222,ZCTA5 92222,NA,NA,0
92322,ZCTA5 92322,NA,55.7,672
92344,ZCTA5 92344,83095,34.2,23349
92378,ZCTA5 92378,65208,50.5,234
92385,ZCTA5 92385,NA,61.4,216
92391,ZCTA5 92391,48233,44.1,1959
92395,ZCTA5 92395,50404,33.6,43908
92603,ZCTA5 92603,146505,40.4,19558
92617,ZCTA5 92617,36824,20.7,17197
92637,ZCTA5 92637,44020,75.6,16053
92678,ZCTA5 92678,109750,46.1,584
92394,ZCTA5 92394,53107,30.3,34915
92544,ZCTA5 92544,52744,35.9,49923
92067,ZCTA5 92067,174107,52.9,7724
92250,ZCTA5 92250,51250,34.3,8655
92364,ZCTA5 92364,NA,NA,6
92545,ZCTA5 92545,46904,43.3,41879
92626,ZCTA5 92626,88398,35.3,50605
93001,ZCTA5 93001,68356,38.2,32396
93013,ZCTA5 93013,81216,44.9,16652
93041,ZCTA5 93041,63387,32,24208
93101,ZCTA5 93101,60612,34.4,31371
93206,ZCTA5 93206,38542,24.4,1704
93004,ZCTA5 93004,90018,39.8,31525
93021,ZCTA5 93021,107363,38.8,38581
93022,ZCTA5 93022,84043,42.3,7179
93222,ZCTA5 93222,52990,58.9,1583
93234,ZCTA5 93234,26054,26.5,7355
93242,ZCTA5 93242,43500,30.3,3474
93247,ZCTA5 93247,34329,31.5,18234
93249,ZCTA5 93249,33875,24,1875
91006,ZCTA5 91006,103224,44.3,32958
91011,ZCTA5 91011,175652,45.1,20301
91201,ZCTA5 91201,60101,42.4,23281
91302,ZCTA5 91302,133996,44.1,26712
91901,ZCTA5 91901,88395,40.2,18162
91902,ZCTA5 91902,102617,41.7,18896
92230,ZCTA5 92230,49286,37.9,2705
92240,ZCTA5 92240,37060,37.4,35278
92254,ZCTA5 92254,24194,32,9779
92280,ZCTA5 92280,NA,NA,0
92313,ZCTA5 92313,71971,37.4,12547
92316,ZCTA5 92316,57772,32.3,28704
92324,ZCTA5 92324,54435,31.6,59972
92354,ZCTA5 92354,57855,38.2,22050
92377,ZCTA5 92377,86784,33.8,20476
92507,ZCTA5 92507,51288,26.4,59152
92548,ZCTA5 92548,50464,35.2,7859
92551,ZCTA5 92551,66370,30.3,34011
92553,ZCTA5 92553,51516,28.8,76102
92567,ZCTA5 92567,68516,31.2,10648
92570,ZCTA5 92570,60789,30.9,60686
92604,ZCTA5 92604,106821,39.8,28990
92646,ZCTA5 92646,98882,46.5,55870
92662,ZCTA5 92662,117969,61,2519
92677,ZCTA5 92677,108252,45.1,66314
92804,ZCTA5 92804,65786,34.6,89915
92821,ZCTA5 92821,91531,39.8,37712
92860,ZCTA5 92860,102345,41,26849
92866,ZCTA5 92866,74331,34.4,15574
92879,ZCTA5 92879,69801,34.4,47872
92337,ZCTA5 92337,83081,30.2,39240
92342,ZCTA5 92342,69882,46,6737
92345,ZCTA5 92345,51118,32,82110
92346,ZCTA5 92346,66560,34,63857
92347,ZCTA5 92347,38438,51.1,702
92359,ZCTA5 92359,65352,36.9,9170
92376,ZCTA5 92376,56013,30,86085
92399,ZCTA5 92399,69745,36.8,54268
92405,ZCTA5 92405,42022,29.6,30112
92410,ZCTA5 92410,35358,28,45052
92503,ZCTA5 92503,71542,33.6,95551
92532,ZCTA5 92532,87636,32,25923
92555,ZCTA5 92555,87338,32.5,44452
92869,ZCTA5 92869,111835,39.9,36846
92124,ZCTA5 92124,93147,32.1,32600
92225,ZCTA5 92225,44647,36.2,22460
92231,ZCTA5 92231,43504,32,40064
92234,ZCTA5 92234,46521,39.4,54357
92253,ZCTA5 92253,79027,47.8,40929
92259,ZCTA5 92259,NA,58.7,121
92262,ZCTA5 92262,52092,51.9,28618
92273,ZCTA5 92273,29595,26.8,2010
92275,ZCTA5 92275,30660,41.6,2632
92284,ZCTA5 92284,42360,43.1,26182
92285,ZCTA5 92285,31810,58.4,2430
92332,ZCTA5 92332,NA,61,97
92026,ZCTA5 92026,75868,36.5,50321
95595,ZCTA5 95595,42375,62.2,139
95621,ZCTA5 95621,63214,39.7,41740
92309,ZCTA5 92309,36528,29.5,572
92311,ZCTA5 92311,43395,31.2,33454
92339,ZCTA5 92339,73438,40.9,1077
92341,ZCTA5 92341,NA,57.8,222
92358,ZCTA5 92358,32500,54.9,722
92404,ZCTA5 92404,46770,29.4,62915
92407,ZCTA5 92407,68281,29,68545
92561,ZCTA5 92561,81667,58.1,1462
92651,ZCTA5 92651,132222,52.2,24800
92653,ZCTA5 92653,101735,42.6,30012
92656,ZCTA5 92656,111690,38,52268
92692,ZCTA5 92692,117828,47.3,46800
92703,ZCTA5 92703,61584,32,69112
92782,ZCTA5 92782,118438,37.8,23084
92801,ZCTA5 92801,63046,32.2,66594
92807,ZCTA5 92807,113323,44.9,35687
92831,ZCTA5 92831,70725,29.1,37359
92832,ZCTA5 92832,65455,33.6,25837
92833,ZCTA5 92833,82465,37.6,52435
92845,ZCTA5 92845,106269,42.2,16273
92612,ZCTA5 92612,83942,30,33234
92614,ZCTA5 92614,104021,35,27187
92627,ZCTA5 92627,79790,35.2,63161
92647,ZCTA5 92647,87237,36.5,62199
92648,ZCTA5 92648,95857,43.2,46228
92655,ZCTA5 92655,40529,38.7,8382
92663,ZCTA5 92663,106526,42.4,21951
92676,ZCTA5 92676,104779,52.4,2068
92707,ZCTA5 92707,77505,31.8,60831
92841,ZCTA5 92841,62339,39.1,33754
92844,ZCTA5 92844,58463,40.7,23189
92861,ZCTA5 92861,169125,52.6,5822
92865,ZCTA5 92865,104103,35.8,20664
92868,ZCTA5 92868,64949,31.9,27072
92009,ZCTA5 92009,138078,42.8,46612
92014,ZCTA5 92014,155531,49.2,13568
92029,ZCTA5 92029,95273,45.1,19382
92057,ZCTA5 92057,75687,37.9,60414
92061,ZCTA5 92061,44423,31.9,2660
92082,ZCTA5 92082,95889,42.9,18705
92102,ZCTA5 92102,51744,33.3,44010
92131,ZCTA5 92131,137500,40,34727
92203,ZCTA5 92203,71711,42.2,31140
92239,ZCTA5 92239,32396,70.5,227
92258,ZCTA5 92258,10938,43.4,559
92268,ZCTA5 92268,42401,63.5,455
92281,ZCTA5 92281,33214,27.5,2591
92352,ZCTA5 92352,82398,46.9,5578
92368,ZCTA5 92368,31000,31,1019
92373,ZCTA5 92373,78484,39.3,33353
92374,ZCTA5 92374,71245,34.6,43391
91934,ZCTA5 91934,36172,68,323
91914,ZCTA5 91914,131563,36.1,17379
91916,ZCTA5 91916,96429,50.4,1939
91932,ZCTA5 91932,53690,33.5,26492
91935,ZCTA5 91935,103155,48.8,8550
91950,ZCTA5 91950,46708,34.3,62859
91381,ZCTA5 91381,135357,40.8,19390
91384,ZCTA5 91384,112122,35.2,29212
91405,ZCTA5 91405,47037,34.4,55506
91505,ZCTA5 91505,87138,39.5,30902
91607,ZCTA5 91607,71691,39.2,30611
91701,ZCTA5 91701,100923,41.5,39461
91722,ZCTA5 91722,80089,37.6,34631
91748,ZCTA5 91748,74438,40.9,47079
91761,ZCTA5 91761,74072,33.1,61425
91773,ZCTA5 91773,86201,41,34007
91784,ZCTA5 91784,130421,46.5,26090
91905,ZCTA5 91905,33463,59.1,1472
91910,ZCTA5 91910,65847,37.8,74855
91304,ZCTA5 91304,70505,38.3,54361
91324,ZCTA5 91324,80260,38.1,29670
91335,ZCTA5 91335,63748,37.1,81824
91342,ZCTA5 91342,74050,35.4,94595
91343,ZCTA5 91343,66661,34,66743
91105,ZCTA5 91105,131158,47.9,12617
91016,ZCTA5 91016,77622,40.5,41105
91108,ZCTA5 91108,165765,47.4,13375
91204,ZCTA5 91204,49122,37.6,18723
91303,ZCTA5 91303,61250,32.2,31586
91306,ZCTA5 91306,69917,37,49678
91331,ZCTA5 91331,63807,33.3,105458
91604,ZCTA5 91604,111341,40.2,32910
91608,ZCTA5 91608,NA,NA,21
91702,ZCTA5 91702,68852,30.7,62066
91024,ZCTA5 91024,100988,49,10932
91106,ZCTA5 91106,82211,34.2,25543
91107,ZCTA5 91107,102850,42,32503
91355,ZCTA5 91355,95696,40.3,30526
91401,ZCTA5 91401,53882,36.5,39755
91406,ZCTA5 91406,59472,35.9,54890
91423,ZCTA5 91423,90931,38.6,33172
91502,ZCTA5 91502,47148,36.5,10708
91602,ZCTA5 91602,84008,39,19672
91706,ZCTA5 91706,65755,35,76930
91710,ZCTA5 91710,81892,37.8,91773
91711,ZCTA5 91711,101270,40.3,36777
91906,ZCTA5 91906,50387,29.1,4428
91913,ZCTA5 91913,103127,33.9,54114
91942,ZCTA5 91942,64090,35.8,40151
91948,ZCTA5 91948,NA,27.9,130
91962,ZCTA5 91962,109506,46.1,2106
91978,ZCTA5 91978,76660,34.6,10506
91001,ZCTA5 91001,101061,44.3,37818
94951,ZCTA5 94951,96699,52.6,4574
94806,ZCTA5 94806,64403,35.3,64286
94903,ZCTA5 94903,105783,47.1,30427
94930,ZCTA5 94930,105219,48.2,8728
94954,ZCTA5 94954,93849,40.5,38763
93932,ZCTA5 93932,37159,38.9,709
93953,ZCTA5 93953,145938,60.1,4028
93003,ZCTA5 93003,78899,40,51629
93023,ZCTA5 93023,77530,49.8,19895
93103,ZCTA5 93103,92101,36.1,20538
93108,ZCTA5 93108,149829,52.5,10401
93601,ZCTA5 93601,67955,50.8,1674
93603,ZCTA5 93603,NA,60.7,175
93928,ZCTA5 93928,NA,25.2,854
93245,ZCTA5 93245,62292,28.4,38480
93449,ZCTA5 93449,84484,57.5,8180
93628,ZCTA5 93628,35820,48.5,83
93652,ZCTA5 93652,39259,36.4,540
93033,ZCTA5 93033,63204,30.4,84701
93036,ZCTA5 93036,77158,31.3,48162
93042,ZCTA5 93042,NA,24.2,118
93043,ZCTA5 93043,NA,24.3,144
93064,ZCTA5 93064,NA,NA,0
93220,ZCTA5 93220,NA,NA,65
93258,ZCTA5 93258,31944,36.5,1952
93314,ZCTA5 93314,111635,36.3,28963
93410,ZCTA5 93410,NA,NA,0
93519,ZCTA5 93519,NA,NA,0
93524,ZCTA5 93524,NA,22.2,165
93558,ZCTA5 93558,NA,65.3,26
93592,ZCTA5 93592,NA,65.3,115
93619,ZCTA5 93619,120944,37.9,39473
93633,ZCTA5 93633,NA,NA,0
93636,ZCTA5 93636,83977,43.4,13255
93723,ZCTA5 93723,82702,34.5,13936
93730,ZCTA5 93730,121716,42.1,12770
93943,ZCTA5 93943,NA,NA,0
93235,ZCTA5 93235,38859,34.2,4215
93283,ZCTA5 93283,26458,50.5,2261
93426,ZCTA5 93426,79750,42.1,1568
93545,ZCTA5 93545,46875,44.3,1821
93623,ZCTA5 93623,108243,68.7,114
93611,ZCTA5 93611,92811,35.9,49053
92114,ZCTA5 92114,66015,35.5,68851
92115,ZCTA5 92115,51636,28.3,64343
92120,ZCTA5 92120,97747,39.3,30550
92122,ZCTA5 92122,79816,30.4,48071
92154,ZCTA5 92154,66498,35.2,88979
92220,ZCTA5 92220,42963,42.1,33525
92233,ZCTA5 92233,37009,32.6,7509
92274,ZCTA5 92274,28660,34.4,15317
92308,ZCTA5 92308,52330,39.4,42207
94063,ZCTA5 94063,77166,33.1,34867
94535,ZCTA5 94535,70230,23,3842
94561,ZCTA5 94561,104089,33.7,42473
94567,ZCTA5 94567,53125,42.5,658
94585,ZCTA5 94585,82848,34.4,29525
94588,ZCTA5 94588,153429,40.7,37253
94592,ZCTA5 94592,127679,29.3,952
94607,ZCTA5 94607,55054,35.8,26823
94611,ZCTA5 94611,129576,44.9,38975
94709,ZCTA5 94709,71859,28.8,11951
94805,ZCTA5 94805,85813,40.6,14188
94021,ZCTA5 94021,177163,53.1,511
94022,ZCTA5 94022,223859,47.8,19406
94123,ZCTA5 94123,162206,34,25890
94521,ZCTA5 94521,106938,42.3,43281
94587,ZCTA5 94587,114681,38.4,74722
94060,ZCTA5 94060,114412,49.2,926
94025,ZCTA5 94025,161827,38.3,43392
94963,ZCTA5 94963,118272,40.3,404
94085,ZCTA5 94085,127774,32.6,23223
94158,ZCTA5 94158,156856,34.4,8455
94503,ZCTA5 94503,101865,38,20276
94505,ZCTA5 94505,130013,41.7,16382
94516,ZCTA5 94516,101250,56.5,103
94528,ZCTA5 94528,143013,71.9,384
94531,ZCTA5 94531,104646,38.1,43022
94534,ZCTA5 94534,114537,40.9,39239
94548,ZCTA5 94548,104773,32.4,377
94551,ZCTA5 94551,118967,37,47227
94573,ZCTA5 94573,NA,29.2,36
94575,ZCTA5 94575,NA,19.8,1178
94582,ZCTA5 94582,175490,39.4,42576
94597,ZCTA5 94597,111750,39,23108
94613,ZCTA5 94613,NA,19.6,855
94720,ZCTA5 94720,NA,19.4,2845
94850,ZCTA5 94850,NA,NA,0
94957,ZCTA5 94957,250001,49.1,1219
95010,ZCTA5 95010,71531,42.9,8856
95046,ZCTA5 95046,117344,43.9,5918
95076,ZCTA5 95076,66991,32.8,86905
95117,ZCTA5 95117,95726,35.1,30369
95118,ZCTA5 95118,115306,38.9,32421
95122,ZCTA5 95122,78734,33.8,56121
90010,ZCTA5 90010,63112,37.1,3822
90024,ZCTA5 90024,65855,22.6,51627
90025,ZCTA5 90025,87280,34,46883
90029,ZCTA5 90029,41998,36.2,36668
90201,ZCTA5 90201,44046,29.8,101965
90031,ZCTA5 90031,48479,35.6,39916
90035,ZCTA5 90035,89337,36.3,27272
90063,ZCTA5 90063,48559,31.9,53980
90212,ZCTA5 90212,95080,41.1,13314
90245,ZCTA5 90245,109577,37.3,16731
90277,ZCTA5 90277,106185,43.6,34827
90290,ZCTA5 90290,129772,45.5,5681
90302,ZCTA5 90302,51850,34.9,30017
90503,ZCTA5 90503,93063,41.2,44605
90605,ZCTA5 90605,78297,35.2,40192
90606,ZCTA5 90606,74986,36.8,32987
90703,ZCTA5 90703,105832,45.8,50589
90732,ZCTA5 90732,104567,45.6,22780
90740,ZCTA5 90740,68947,58.3,24307
90742,ZCTA5 90742,82614,49.6,692
90021,ZCTA5 90021,21635,39.2,2945
90059,ZCTA5 90059,44838,27.7,46185
90280,ZCTA5 90280,52321,31.9,94642
90743,ZCTA5 90743,116500,55.6,236
90405,ZCTA5 90405,95674,40.2,28156
90706,ZCTA5 90706,60011,34.6,77195
90018,ZCTA5 90018,45984,34.4,53490
90250,ZCTA5 90250,56304,33.5,97072
90601,ZCTA5 90601,76732,39,32053
90254,ZCTA5 90254,136702,39.3,19539
90710,ZCTA5 90710,63907,37.8,28045
90073,ZCTA5 90073,NA,56,953
90079,ZCTA5 90079,NA,NA,0
90089,ZCTA5 90089,NA,19.1,3786
90090,ZCTA5 90090,NA,NA,0
90094,ZCTA5 90094,155417,36.2,9827
90095,ZCTA5 90095,NA,NA,0
90506,ZCTA5 90506,NA,NA,0
90747,ZCTA5 90747,NA,NA,0
90755,ZCTA5 90755,75426,37.9,11545
90831,ZCTA5 90831,NA,NA,0
94043,ZCTA5 94043,138232,34.9,31161
94087,ZCTA5 94087,160907,38.9,56668
94089,ZCTA5 94089,119054,36.3,22882
94108,ZCTA5 94108,63263,42.1,14143
94116,ZCTA5 94116,116089,44.4,47346
94118,ZCTA5 94118,121644,37.2,42095
94122,ZCTA5 94122,122076,38.8,62128
94306,ZCTA5 94306,143606,41.2,27435
94401,ZCTA5 94401,93850,35.7,36001
94508,ZCTA5 94508,89531,30.2,3935
94515,ZCTA5 94515,85417,46,7491
94518,ZCTA5 94518,95875,42.2,28734
94530,ZCTA5 94530,107006,42.5,26145
94536,ZCTA5 94536,121696,37.7,74837
94541,ZCTA5 94541,80448,37,65928
94546,ZCTA5 94546,97179,42,44378
94547,ZCTA5 94547,117018,41.2,25616
94552,ZCTA5 94552,162583,46.5,14938
94565,ZCTA5 94565,71629,34.1,97671
94566,ZCTA5 94566,161204,44.2,45893
94577,ZCTA5 94577,78444,41.4,47682
94590,ZCTA5 94590,53275,37.3,37280
94599,ZCTA5 94599,69800,64.8,3108
94074,ZCTA5 94074,124750,49.6,170
94131,ZCTA5 94131,151607,41.5,29523
94526,ZCTA5 94526,152727,47.1,33135
95226,ZCTA5 95226,NA,NA,0
95236,ZCTA5 95236,74020,41.5,4199
95251,ZCTA5 95251,62337,54.9,625
95254,ZCTA5 95254,103559,55.3,1035
95320,ZCTA5 95320,68492,36.2,12822
95329,ZCTA5 95329,55407,50.6,2570
95357,ZCTA5 95357,73304,37.2,11765
95358,ZCTA5 95358,60987,30.5,32524
95360,ZCTA5 95360,62679,34,13278
95368,ZCTA5 95368,82928,29.6,14041
95369,ZCTA5 95369,54500,42.1,1024
95370,ZCTA5 95370,57513,48,28096
95376,ZCTA5 95376,82390,33.2,55655
95386,ZCTA5 95386,60895,34.5,10557
96059,ZCTA5 96059,41375,47.4,542
96069,ZCTA5 96069,66875,61.1,800
96130,ZCTA5 96130,56949,33.1,20119
96136,ZCTA5 96136,NA,71,44
96150,ZCTA5 96150,57396,38.8,29327
96064,ZCTA5 96064,49604,49.4,4533
96073,ZCTA5 96073,92222,54.5,3980
96087,ZCTA5 96087,40329,50.3,544
95410,ZCTA5 95410,64625,48.4,997
95429,ZCTA5 95429,53846,58.8,116
95446,ZCTA5 95446,65784,51.4,5168
95453,ZCTA5 95453,49690,49.4,11369
95469,ZCTA5 95469,56050,44.2,1911
95471,ZCTA5 95471,NA,43.3,573
95310,ZCTA5 95310,41111,45.3,1874
95252,ZCTA5 95252,79618,47.4,16262
95311,ZCTA5 95311,40945,62,1893
95333,ZCTA5 95333,48993,38.3,2539
95338,ZCTA5 95338,52699,51,10827
95345,ZCTA5 95345,NA,48.2,802
95354,ZCTA5 95354,50226,34.1,24923
95364,ZCTA5 95364,NA,NA,0
95379,ZCTA5 95379,58988,46,4003
95388,ZCTA5 95388,47184,31.5,14116
95401,ZCTA5 95401,75290,37.4,38839
95407,ZCTA5 95407,63981,33.4,42026
95417,ZCTA5 95417,60956,64.3,356
95426,ZCTA5 95426,79667,53.9,1350
95427,ZCTA5 95427,35852,61.1,226
95428,ZCTA5 95428,37535,36.2,2580
95432,ZCTA5 95432,44839,62.4,706
95437,ZCTA5 95437,50076,46.1,14859
95443,ZCTA5 95443,27566,30.2,193
95463,ZCTA5 95463,60417,57.3,136
95468,ZCTA5 95468,53490,42,1280
95488,ZCTA5 95488,56920,35.2,179
95511,ZCTA5 95511,57222,53.4,262
95546,ZCTA5 95546,34323,30.7,3466
95556,ZCTA5 95556,42561,30.9,598
95563,ZCTA5 95563,35521,59.1,665
95569,ZCTA5 95569,47583,50.8,371
95660,ZCTA5 95660,45845,31.1,35461
95663,ZCTA5 95663,106500,48.5,2493
95007,ZCTA5 95007,NA,52.9,374
95014,ZCTA5 95014,168538,41.3,61866
95033,ZCTA5 95033,177000,47.4,9511
95039,ZCTA5 95039,49556,34.8,1074
95112,ZCTA5 95112,66501,30.8,62228
95126,ZCTA5 95126,99160,34.3,36206
95134,ZCTA5 95134,150131,30.6,29349
95202,ZCTA5 95202,14822,39.2,6066
95209,ZCTA5 95209,81841,35.9,44980
95222,ZCTA5 95222,54508,56.4,5029
96092,ZCTA5 96092,84688,41.6,343
96114,ZCTA5 96114,92759,49.1,3267
96124,ZCTA5 96124,46250,45.1,458
96140,ZCTA5 96140,62500,58.2,953
96141,ZCTA5 96141,69231,56.6,403
96142,ZCTA5 96142,71184,38,885
96143,ZCTA5 96143,51222,36.2,3585
96161,ZCTA5 96161,98924,41.5,18488
96015,ZCTA5 96015,NA,74.6,320
96024,ZCTA5 96024,40563,58.9,846
96028,ZCTA5 96028,42051,56.5,1368
96003,ZCTA5 96003,53512,40.8,44328
96025,ZCTA5 96025,35602,50.5,2126
96055,ZCTA5 96055,48103,43.3,3866
96033,ZCTA5 96033,43047,51.5,490
96034,ZCTA5 96034,39219,52.5,279
96040,ZCTA5 96040,74479,67.3,124
96058,ZCTA5 96058,41563,46.6,553
96068,ZCTA5 96068,NA,31.5,204
95466,ZCTA5 95466,43854,43.4,976
95490,ZCTA5 95490,49043,39.4,12975
95551,ZCTA5 95551,58000,41.3,1416
95562,ZCTA5 95562,41875,35.5,3401
95587,ZCTA5 95587,NA,63.8,51
95601,ZCTA5 95601,29722,37.9,151
95620,ZCTA5 95620,82956,35.1,21954
95132,ZCTA5 95132,121288,40.8,41790
95135,ZCTA5 95135,148438,46.7,22015
95136,ZCTA5 95136,112074,36.3,47476
95212,ZCTA5 95212,95759,33.6,29426
95227,ZCTA5 95227,96023,54.7,654
95305,ZCTA5 95305,NA,NA,0
95312,ZCTA5 95312,63077,30.6,276
95313,ZCTA5 95313,52105,36.1,1305
95317,ZCTA5 95317,53807,28.1,1203
95404,ZCTA5 95404,81427,41.6,40497
95415,ZCTA5 95415,46538,38.8,1388
95420,ZCTA5 95420,85917,53.4,523
95445,ZCTA5 95445,58308,61.5,2257
95449,ZCTA5 95449,53333,39.7,1560
95974,ZCTA5 95974,NA,10.9,65
95005,ZCTA5 95005,95242,41.2,7661
95008,ZCTA5 95008,122947,39,46352
95018,ZCTA5 95018,105189,45.7,6841
95020,ZCTA5 95020,102741,35.7,64833
95041,ZCTA5 95041,58786,22.7,436
95051,ZCTA5 95051,134230,35.3,59851
95064,ZCTA5 95064,54063,19.6,10486
95065,ZCTA5 95065,104464,43.6,8491
95110,ZCTA5 95110,95829,32.4,19928
95111,ZCTA5 95111,73093,34.8,61830
95124,ZCTA5 95124,155550,39.4,51455
95125,ZCTA5 95125,118788,41.4,53155
95131,ZCTA5 95131,126757,36.8,31236
95133,ZCTA5 95133,86686,39.1,28565
95215,ZCTA5 95215,46191,38.1,24326
95223,ZCTA5 95223,56121,61.1,2666
95224,ZCTA5 95224,NA,38.1,167
95303,ZCTA5 95303,63173,39.4,1110
95318,ZCTA5 95318,44821,29.5,220
95321,ZCTA5 95321,53563,61.8,3541
95327,ZCTA5 95327,54046,42.2,7918
95340,ZCTA5 95340,55470,32.6,35827
95348,ZCTA5 95348,48505,28.4,34002
95571,ZCTA5 95571,32344,49.5,304
95240,ZCTA5 95240,50992,33.6,48799
95366,ZCTA5 95366,84898,39.8,17909
95367,ZCTA5 95367,71934,32.7,25072
95374,ZCTA5 95374,48603,41.1,1682
95382,ZCTA5 95382,72206,36.4,38700
95439,ZCTA5 95439,NA,38.9,728
95444,ZCTA5 95444,64028,45.1,705
95323,ZCTA5 95323,71667,35.1,1299
95465,ZCTA5 95465,65921,52.2,2244
95672,ZCTA5 95672,103708,49.6,5266
95834,ZCTA5 95834,64996,32.2,30076
95460,ZCTA5 95460,67934,58.7,2508
95494,ZCTA5 95494,NA,48.4,171
95232,ZCTA5 95232,55500,64.5,161
95245,ZCTA5 95245,51830,55.3,1717
95249,ZCTA5 95249,39052,41.9,5444
95023,ZCTA5 95023,86337,35,53423
95035,ZCTA5 95035,132236,36.3,79655
95062,ZCTA5 95062,79233,40.1,36737
95713,ZCTA5 95713,72746,46.5,10472
95746,ZCTA5 95746,147201,45.9,23934
95758,ZCTA5 95758,85221,37.4,65811
95765,ZCTA5 95765,108188,36.6,39214
95815,ZCTA5 95815,34583,32.3,25673
95818,ZCTA5 95818,84908,39.2,21625
95821,ZCTA5 95821,42456,37.4,35812
95822,ZCTA5 95822,57535,38.1,44741
95585,ZCTA5 95585,21719,41.5,457
95615,ZCTA5 95615,55881,39,704
95692,ZCTA5 95692,80357,42,5251
95742,ZCTA5 95742,132636,34.5,12472
95961,ZCTA5 95961,55590,31.6,28489
95121,ZCTA5 95121,106394,40.5,37531
95461,ZCTA5 95461,46310,49,2567
95542,ZCTA5 95542,30505,48,1871
95543,ZCTA5 95543,37321,51.8,705
95547,ZCTA5 95547,58500,50.7,1063
95549,ZCTA5 95549,72500,42.3,929
95554,ZCTA5 95554,51875,60.4,508
95558,ZCTA5 95558,54167,48.3,416
95565,ZCTA5 95565,42955,37.1,762
95568,ZCTA5 95568,45104,52.1,274
95605,ZCTA5 95605,51303,32.3,14493
95618,ZCTA5 95618,93643,31.7,27519
95665,ZCTA5 95665,82215,53,4303
95677,ZCTA5 95677,87742,38.6,25477
95691,ZCTA5 95691,77303,34.9,38690
95625,ZCTA5 95625,61250,62.8,74
95831,ZCTA5 95831,79368,43.8,43094
95838,ZCTA5 95838,48416,31,39053
95910,ZCTA5 95910,NA,58.8,123
95930,ZCTA5 95930,NA,73.5,72
95947,ZCTA5 95947,34828,54.2,1657
95968,ZCTA5 95968,31000,40.9,1231
95978,ZCTA5 95978,NA,34.5,245
95982,ZCTA5 95982,71086,41.4,3259
95984,ZCTA5 95984,NA,54.7,327
96009,ZCTA5 96009,45536,52.6,321
96027,ZCTA5 96027,64865,53.2,2327
96035,ZCTA5 96035,45417,41.4,3629
96038,ZCTA5 96038,54423,44.2,732
96044,ZCTA5 96044,47228,58.7,963
96065,ZCTA5 96065,47250,57.2,403
96067,ZCTA5 96067,47150,53.1,7094
96071,ZCTA5 96071,NA,67.1,31
96080,ZCTA5 96080,41316,41,29139
96085,ZCTA5 96085,NA,60.3,54
96094,ZCTA5 96094,51857,46.9,6611
96107,ZCTA5 96107,49909,38.9,1433
96118,ZCTA5 96118,53929,55.1,1779
96126,ZCTA5 96126,43438,62.5,85
95626,ZCTA5 95626,75481,41.4,6065
95627,ZCTA5 95627,75938,31.9,3802
95632,ZCTA5 95632,76334,36.5,31911
95651,ZCTA5 95651,176250,48.9,624
95653,ZCTA5 95653,41050,35.3,581
95655,ZCTA5 95655,86486,36.4,4156
95448,ZCTA5 95448,95114,49.8,17407
95148,ZCTA5 95148,138763,40.3,48273
95073,ZCTA5 95073,93704,43.5,11013
95139,ZCTA5 95139,139612,39.7,7363
95322,ZCTA5 95322,54820,35.1,10373
95372,ZCTA5 95372,80737,36.2,2056
95421,ZCTA5 95421,58125,55.6,1808
95442,ZCTA5 95442,135000,45.8,3213
96037,ZCTA5 96037,81394,59.1,279
97635,ZCTA5 97635,NA,58.2,170
95635,ZCTA5 95635,56488,50.5,1058
95351,ZCTA5 95351,41309,29.4,48542
95013,ZCTA5 95013,NA,42.4,85
95053,ZCTA5 95053,NA,19.4,3862
95075,ZCTA5 95075,77083,34.6,459
95645,ZCTA5 95645,43696,40,1881
95458,ZCTA5 95458,45493,37.7,2960
95553,ZCTA5 95553,NA,40,767
95610,ZCTA5 95610,61461,36.5,46305
95361,ZCTA5 95361,72313,38.4,35308
95457,ZCTA5 95457,37991,57.3,3227
95545,ZCTA5 95545,NA,48.3,118
95616,ZCTA5 95616,55510,22.9,52212
95211,ZCTA5 95211,NA,19.6,1624
95234,ZCTA5 95234,NA,NA,0
95248,ZCTA5 95248,NA,58,106
95304,ZCTA5 95304,98088,37.2,14282
95314,ZCTA5 95314,NA,19.5,95
95319,ZCTA5 95319,31966,37.6,1745
95341,ZCTA5 95341,40802,27.8,33090
95375,ZCTA5 95375,NA,79.5,5
95377,ZCTA5 95377,111076,35.7,32091
95391,ZCTA5 95391,138500,31.2,20131
95435,ZCTA5 95435,NA,19.9,299
95467,ZCTA5 95467,70625,44.3,5506
95486,ZCTA5 95486,NA,65.5,51
95604,ZCTA5 95604,78068,73.2,85
95652,ZCTA5 95652,33000,30.7,789
95679,ZCTA5 95679,NA,48.7,56
95680,ZCTA5 95680,NA,NA,10
95697,ZCTA5 95697,NA,55.3,183
95698,ZCTA5 95698,26615,57.5,148
95699,ZCTA5 95699,NA,72.4,21
95724,ZCTA5 95724,NA,23.5,22
95757,ZCTA5 95757,105390,36.1,50727
96132,ZCTA5 96132,32188,64.6,50
96134,ZCTA5 96134,34896,36.4,2059
96146,ZCTA5 96146,76851,43.8,1145
96086,ZCTA5 96086,45750,57,278
96097,ZCTA5 96097,44782,39.7,9746
96101,ZCTA5 96101,44500,46.5,5262
96120,ZCTA5 96120,59643,56.2,926
96122,ZCTA5 96122,55435,46.6,3266
96123,ZCTA5 96123,66875,58.5,25
96128,ZCTA5 96128,65577,57.2,685
95527,ZCTA5 95527,42333,60.4,499
96008,ZCTA5 96008,62852,51.8,1191
96014,ZCTA5 96014,33813,58.1,135
96016,ZCTA5 96016,95350,63.5,424
96017,ZCTA5 96017,45750,66.1,140
96020,ZCTA5 96020,61250,56.5,2369
96031,ZCTA5 96031,22500,53.7,133
96056,ZCTA5 96056,55000,48.1,1530
96057,ZCTA5 96057,36635,55.6,1235
95811,ZCTA5 95811,59254,32,6294
95915,ZCTA5 95915,NA,NA,0
95054,ZCTA5 95054,152500,33.3,24524
95219,ZCTA5 95219,83558,37.3,29270
95070,ZCTA5 95070,193617,50.2,31196
95113,ZCTA5 95113,135875,36.2,2107
95116,ZCTA5 95116,65667,32.6,55825
95206,ZCTA5 95206,50918,30.7,64250
95207,ZCTA5 95207,49647,32.6,52269
95220,ZCTA5 95220,85906,41.9,7576
95988,ZCTA5 95988,49518,39.5,8298
95631,ZCTA5 95631,80772,51.5,6851
95638,ZCTA5 95638,92708,49.6,2126
95640,ZCTA5 95640,67922,46,11598
95658,ZCTA5 95658,96891,48.5,6837
95666,ZCTA5 95666,61128,56.5,5164
95681,ZCTA5 95681,44833,48.5,1246
95686,ZCTA5 95686,33056,31.1,1262
95690,ZCTA5 95690,57619,35.2,2215
95693,ZCTA5 95693,100265,47.7,7037
95695,ZCTA5 95695,64390,37.7,41278
95709,ZCTA5 95709,79483,49.4,5498
95726,ZCTA5 95726,75774,46.6,8449
95728,ZCTA5 95728,NA,45.2,231
95816,ZCTA5 95816,72270,34.6,17199
95829,ZCTA5 95829,93377,35.5,28264
95833,ZCTA5 95833,63418,31.5,39905
95835,ZCTA5 95835,102895,38.2,40170
95864,ZCTA5 95864,105849,46.4,23352
95914,ZCTA5 95914,NA,52.5,752
95923,ZCTA5 95923,22500,77.8,28
95934,ZCTA5 95934,24050,52.1,146
95936,ZCTA5 95936,93533,61,158
95949,ZCTA5 95949,71059,53.6,21036
95963,ZCTA5 95963,49821,35.6,15492
96145,ZCTA5 96145,73875,49.9,2147
96021,ZCTA5 96021,46050,37.2,16017
96074,ZCTA5 96074,44750,37.5,164
96121,ZCTA5 96121,90545,60.2,358
96112,ZCTA5 96112,42813,35,224
96049,ZCTA5 96049,NA,34.3,90
96111,ZCTA5 96111,NA,50.1,83
96129,ZCTA5 96129,NA,62,408
96135,ZCTA5 96135,30601,40.9,301
96155,ZCTA5 96155,NA,NA,0
95355,ZCTA5 95355,66719,39.3,59621
95450,ZCTA5 95450,59350,56.2,227
95589,ZCTA5 95589,NA,52.4,963
96002,ZCTA5 96002,61055,37.4,34196
96019,ZCTA5 96019,49583,38.5,10178
96023,ZCTA5 96023,31322,39.5,1184
96039,ZCTA5 96039,36213,51.4,904
96048,ZCTA5 96048,53629,60.7,730
96050,ZCTA5 96050,24598,63.4,381
96051,ZCTA5 96051,54500,50,1358
96001,ZCTA5 96001,55821,41.6,34293
96010,ZCTA5 96010,36250,55.8,122
96011,ZCTA5 96011,25375,52.2,199
96029,ZCTA5 96029,40795,43.6,167
96041,ZCTA5 96041,32024,42.1,2934
96046,ZCTA5 96046,NA,61.2,115
96061,ZCTA5 96061,NA,NA,21
96075,ZCTA5 96075,16875,52.1,350
96084,ZCTA5 96084,31477,50.5,536
96013,ZCTA5 96013,47102,37.6,4819
96022,ZCTA5 96022,55049,40.7,16253
96032,ZCTA5 96032,48036,41.8,2653
96047,ZCTA5 96047,45833,55.3,849
96052,ZCTA5 96052,43250,52.1,1574
96054,ZCTA5 96054,41667,44.8,319
96076,ZCTA5 96076,28194,68.2,284
96103,ZCTA5 96103,67386,64.6,1401
96104,ZCTA5 96104,41250,47.4,842
96106,ZCTA5 96106,70455,50.2,274
96109,ZCTA5 96109,56210,43.5,812
96113,ZCTA5 96113,49198,35.8,1925
96125,ZCTA5 96125,111250,69.8,126
96133,ZCTA5 96133,NA,46.3,126
96137,ZCTA5 96137,49191,57.8,3252
96091,ZCTA5 96091,50547,58,618
96096,ZCTA5 96096,51786,55.5,703
96105,ZCTA5 96105,NA,43.6,372
96119,ZCTA5 96119,NA,28.4,59
96148,ZCTA5 96148,73611,31.3,580
96006,ZCTA5 96006,50288,54.7,389
96007,ZCTA5 96007,49044,40.2,23228
96062,ZCTA5 96062,60625,52,1042
96063,ZCTA5 96063,48859,40.1,359
96088,ZCTA5 96088,51039,57.1,4690
96090,ZCTA5 96090,40139,51,481
96093,ZCTA5 96093,46039,41.1,3570
96108,ZCTA5 96108,77938,74.5,80
96110,ZCTA5 96110,59063,55.8,126
96115,ZCTA5 96115,NA,68.2,115
96116,ZCTA5 96116,52477,65.1,172
96117,ZCTA5 96117,39559,47.1,355
